{
  "gate_H_4q": 179.35887500061654,
  "gate_X_4q": 188.99979200796224,
  "gate_RX_4q": 188.57570800173562,
  "gate_RZ_4q": 191.5158329939004,
  "gate_CNOT_4q": 179.6311250072904,
  "gate_SWAP_4q": 191.18170900037512,
  "gate_CCNOT_4q": 194.28216699452605,
  "gate_H_8q": 191.96829199790955,
  "gate_X_8q": 192.33941700076684,
  "gate_RX_8q": 194.4301670009736,
  "gate_RZ_8q": 195.14308399811853,
  "gate_CNOT_8q": 180.62441601068713,
  "gate_SWAP_8q": 192.892708000727,
  "gate_CCNOT_8q": 192.2960410011001,
  "gate_H_12q": 216.1248749907827,
  "gate_X_12q": 190.83862499974202,
  "gate_RX_12q": 183.59754199627787,
  "gate_RZ_12q": 180.86033400322776,
  "gate_CNOT_12q": 189.58925000333693,
  "gate_SWAP_12q": 188.08770799660124,
  "gate_CCNOT_12q": 197.66924998839386,
  "gate_H_16q": 210.62633300607558,
  "gate_X_16q": 222.22574999614153,
  "gate_RX_16q": 221.2135409936309,
  "gate_RZ_16q": 209.0968749980675,
  "gate_CNOT_16q": 206.62366700707935,
  "gate_SWAP_16q": 201.17441700131167,
  "gate_CCNOT_16q": 206.35995900374837,
  "gate_H_20q": 557.0393329981016,
  "gate_X_20q": 533.6849589948542,
  "gate_RX_20q": 532.0602919964585,
  "gate_RZ_20q": 531.611750004231,
  "gate_CNOT_20q": 527.4813339929096,
  "gate_SWAP_20q": 529.2150000022957,
  "gate_CCNOT_20q": 521.5628750011092,
  "circuit_hcnot_4q": 16.831917004310526,
  "circuit_qft_4q": 3.1690409959992394,
  "circuit_hcnot_8q": 34.73316600138787,
  "circuit_qft_8q": 9.318750002421439,
  "circuit_hcnot_12q": 49.03041699435562,
  "circuit_qft_12q": 18.162584005040117,
  "circuit_hcnot_16q": 88.200958998641,
  "circuit_qft_16q": 47.028790999320336,
  "circuit_hcnot_20q": 371.51758300024085,
  "circuit_qft_20q": 317.3230840038741,
  "scaling_2q": 2.104125000187196,
  "scaling_4q": 3.42266600637231,
  "scaling_6q": 4.740667005535215,
  "scaling_8q": 6.149582986836322,
  "scaling_10q": 7.728582990239374,
  "scaling_12q": 9.833792006247677,
  "scaling_14q": 14.298791997134686,
  "scaling_16q": 27.56375000171829,
  "scaling_18q": 73.2516249991022,
  "scaling_20q": 277.84662500198465,
  "scaling_22q": 1103.9856249990407,
  "scaling_24q": 4598.12970799976,
  "memory_4q": 0.0026950836181640625,
  "memory_8q": 0.02835845947265625,
  "memory_12q": 0.5204238891601562,
  "memory_16q": 9.599555969238281,
  "memory_20q": 173.0579605102539,
  "memory_24q": 3096.1027297973633
}