{
  "framework": {
    "methodology": {
      "n_warmup": 3,
      "n_trials": 15,
      "circuit": "hardware-efficient ansatz: RY + CNOT ladder",
      "depth_rule": "ceil(n_qubits / 2)",
      "metrics": "median + IQR"
    },
    "simulate": {
      "2": {
        "n_qubits": 2,
        "depth": 1,
        "n_params": 4,
        "qforge": {
          "median": 6.4159976318478584e-06,
          "q25": 6.29199348622933e-06,
          "q75": 6.604001100640744e-06,
          "iqr": 3.1200761441141367e-07,
          "mean": 6.566598312929273e-06,
          "cv": 0.06744979804041551,
          "n_trials": 15
        },
        "qiskit": {
          "median": 0.00012716700439341366,
          "q25": 0.00012479150609578937,
          "q75": 0.00013175000640330836,
          "iqr": 6.958500307518989e-06,
          "mean": 0.00012769440363626927,
          "cv": 0.040988986930995765,
          "n_trials": 15
        },
        "pennylane": {
          "median": 0.0006968750094529241,
          "q25": 0.0006875830076751299,
          "q75": 0.000703062498359941,
          "iqr": 1.5479490684811026e-05,
          "mean": 0.0006996804014003526,
          "cv": 0.02312599052991897,
          "n_trials": 15
        }
      },
      "4": {
        "n_qubits": 4,
        "depth": 2,
        "n_params": 12,
        "qforge": {
          "median": 1.5708996215835214e-05,
          "q25": 1.5124489436857402e-05,
          "q75": 1.681300636846572e-05,
          "iqr": 1.6885169316083193e-06,
          "mean": 1.7202730911473434e-05,
          "cv": 0.2074540990537366,
          "n_trials": 15
        },
        "qiskit": {
          "median": 0.00033141700259875506,
          "q25": 0.0003261039964854717,
          "q75": 0.00033970850199693814,
          "iqr": 1.3604505511466414e-05,
          "mean": 0.00033563880036429814,
          "cv": 0.04328582135859921,
          "n_trials": 15
        },
        "pennylane": {
          "median": 0.0025110409915214404,
          "q25": 0.0021515210028155707,
          "q75": 0.0026612500005285256,
          "iqr": 0.0005097289977129549,
          "mean": 0.002486597202369012,
          "cv": 0.17274334275424325,
          "n_trials": 15
        }
      },
      "6": {
        "n_qubits": 6,
        "depth": 3,
        "n_params": 24,
        "qforge": {
          "median": 3.6290992284193635e-05,
          "q25": 3.581250348361209e-05,
          "q75": 6.302099791355431e-05,
          "iqr": 2.720849442994222e-05,
          "mean": 7.663053402211517e-05,
          "cv": 1.1677022633936924,
          "n_trials": 15
        },
        "qiskit": {
          "median": 0.0006528749945573509,
          "q25": 0.0006408960034605116,
          "q75": 0.0007210830008261837,
          "iqr": 8.018699736567214e-05,
          "mean": 0.0006935249334977319,
          "cv": 0.103015159935426,
          "n_trials": 15
        },
        "pennylane": {
          "median": 0.004045666995807551,
          "q25": 0.003970437508542091,
          "q75": 0.004144625003391411,
          "iqr": 0.0001741874948493205,
          "mean": 0.004124661001454418,
          "cv": 0.07674945168901899,
          "n_trials": 15
        }
      },
      "8": {
        "n_qubits": 8,
        "depth": 4,
        "n_params": 40,
        "qforge": {
          "median": 9.97909955913201e-05,
          "q25": 9.960450552171096e-05,
          "q75": 0.00010025050141848624,
          "iqr": 6.459958967752755e-07,
          "mean": 0.00010089733599064251,
          "cv": 0.03733144922831817,
          "n_trials": 15
        },
        "qiskit": {
          "median": 0.0011906669969903305,
          "q25": 0.001168250004411675,
          "q75": 0.0012353335041552782,
          "iqr": 6.708349974360317e-05,
          "mean": 0.0012957417357635373,
          "cv": 0.2436514178469972,
          "n_trials": 15
        },
        "pennylane": {
          "median": 0.006919709005160257,
          "q25": 0.006463791498390492,
          "q75": 0.00808849999884842,
          "iqr": 0.0016247085004579276,
          "mean": 0.00762131953476152,
          "cv": 0.21125283666399003,
          "n_trials": 15
        }
      },
      "10": {
        "n_qubits": 10,
        "depth": 5,
        "n_params": 60,
        "qforge": {
          "median": 0.0003476659912848845,
          "q25": 0.00034689600579440594,
          "q75": 0.00034968750696862116,
          "iqr": 2.7915011742152274e-06,
          "mean": 0.00034817506869633995,
          "cv": 0.005694857855755938,
          "n_trials": 15
        },
        "qiskit": {
          "median": 0.002108167012920603,
          "q25": 0.002095562500471715,
          "q75": 0.002505625001504086,
          "iqr": 0.0004100625010323711,
          "mean": 0.002582263867952861,
          "cv": 0.32757472789442177,
          "n_trials": 15
        },
        "pennylane": {
          "median": 0.009781000000657514,
          "q25": 0.00976106299640378,
          "q75": 0.009928770996339153,
          "iqr": 0.00016770799993537366,
          "mean": 0.01003341393370647,
          "cv": 0.07613476420709528,
          "n_trials": 15
        }
      },
      "12": {
        "n_qubits": 12,
        "depth": 6,
        "n_params": 84,
        "qforge": {
          "median": 0.0014632079983130097,
          "q25": 0.0014268750019255094,
          "q75": 0.0015216669999063015,
          "iqr": 9.479199798079208e-05,
          "mean": 0.0015842861350392923,
          "cv": 0.25348560722281743,
          "n_trials": 15
        },
        "qiskit": {
          "median": 0.004446333012310788,
          "q25": 0.0044168749955133535,
          "q75": 0.004690874498919584,
          "iqr": 0.00027399950340623036,
          "mean": 0.004609477667448421,
          "cv": 0.07252191817022066,
          "n_trials": 15
        },
        "pennylane": {
          "median": 0.0197624580032425,
          "q25": 0.01824375000433065,
          "q75": 0.02473058299801778,
          "iqr": 0.0064868329936871305,
          "mean": 0.021743919267707194,
          "cv": 0.2083774451644029,
          "n_trials": 15
        }
      },
      "14": {
        "n_qubits": 14,
        "depth": 7,
        "n_params": 112,
        "qforge": {
          "median": 0.0065825830097310245,
          "q25": 0.006528500001877546,
          "q75": 0.006703125000058208,
          "iqr": 0.00017462499818066135,
          "mean": 0.00683692786648559,
          "cv": 0.1314102341313474,
          "n_trials": 15
        },
        "qiskit": {
          "median": 0.017414457994163968,
          "q25": 0.01676029200461926,
          "q75": 0.01877727099781623,
          "iqr": 0.0020169789931969717,
          "mean": 0.017698241599525013,
          "cv": 0.06474081131840978,
          "n_trials": 15
        },
        "pennylane": {
          "median": 0.03274470799078699,
          "q25": 0.031102771004952956,
          "q75": 0.03496206199633889,
          "iqr": 0.003859290991385933,
          "mean": 0.03344985546718817,
          "cv": 0.09381520296549985,
          "n_trials": 15
        }
      }
    },
    "gradient": {
      "2": {
        "n_qubits": 2,
        "depth": 1,
        "n_params": 4,
        "qforge": {
          "parameter_shift": {
            "median": 0.000195999993593432,
            "q25": 0.00019541650544852018,
            "q75": 0.00019810449884971604,
            "iqr": 2.687993401195854e-06,
            "mean": 0.00019684433257983376,
            "cv": 0.008851363818608734,
            "n_trials": 15
          }
        },
        "qiskit": {
          "parameter_shift": {
            "median": 0.001251041001523845,
            "q25": 0.001227354005095549,
            "q75": 0.0012639584965654649,
            "iqr": 3.6604491469915956e-05,
            "mean": 0.001276716602539333,
            "cv": 0.09993908667111073,
            "n_trials": 15
          }
        },